{"count":1,"self":500.6138368,"total":2802.4544542999997,"children":{"InitializeActuators":{"count":24,"self":0,"total":0,"children":null},"InitializeSensors":{"count":24,"self":0.0019903,"total":0.0019903,"children":null},"AgentSendState":{"count":750034,"self":58.9909312,"total":85.9044562,"children":{"CollectObservations":{"count":3600168,"self":2.7307943999999997,"total":2.7307943999999997,"children":null},"WriteActionMask":{"count":3600168,"self":0.23857579999999998,"total":0.23857579999999998,"children":null},"RequestDecision":{"count":3600168,"self":2.9462764,"total":23.9441572,"children":{"AgentInfo.ToProto":{"count":3600168,"self":2.234746,"total":20.9978809,"children":{"GenerateSensorData":{"count":3600168,"self":15.5923568,"total":18.7631348,"children":{"RayPerceptionSensor.Perceive":{"count":7200336,"self":3.1707775999999996,"total":3.1707777,"children":null}}}}}}}}},"DecideAction":{"count":750034,"self":2210.6728448,"total":2210.6727551999998,"children":null},"AgentAct":{"count":750034,"self":5.1460111999999993,"total":5.146011,"children":null},"AgentInfo.ToProto":{"count":8667,"self":0.028943399999999998,"total":0.1153916,"children":{"GenerateSensorData":{"count":8667,"self":0.065528599999999992,"total":0.0864482,"children":{"RayPerceptionSensor.Perceive":{"count":17334,"self":0.0209196,"total":0.0209196,"children":null}}}}}},"gauges":{"KartAgent.CumulativeReward":{"count":8667,"max":0.794167,"min":-3.76931643,"runningAverage":0.2714074,"value":0.788167,"weightedAverage":0.7836925}},"metadata":{"timer_format_version":"0.1.0","start_time_seconds":"1731349327","unity_version":"2022.3.30f1","command_line_arguments":"C:\\Program Files\\Unity\\Hub\\Editor\\2022.3.30f1\\Editor\\Unity.exe -projectpath D:\\UnityProject\\GitHub\\unity-ai-racing-karts-ml-agents -useHub -hubIPC -cloudEnvironment production -licensingIpc LicenseClient-BuiChau -hubSessionId 2612d041-3823-4ed5-994c-f0ebb97cf7fe -accessToken aZQI6XyAx35hC3n__Jn424elDzqE2bGCqGNT7bqgMLs011f","communication_protocol_version":"1.5.0","com.unity.ml-agents_version":"2.0.1","scene_name":"SampleScene","end_time_seconds":"1731352130"}}